,area_name,area_url
0,Boulder Canyon,http://www.mountainproject.com/v/boulder-canyon/105744222
1,CU Campus,http://www.mountainproject.com/v/cu-campus/105744240
2,Eldorado Canyon SP,http://www.mountainproject.com/v/eldorado-canyon-sp/105744246
3,Eldorado Mountain,http://www.mountainproject.com/v/eldorado-mountain/105744255
4,Flagstaff,http://www.mountainproject.com/v/flagstaff/105744225
5,Flatirons,http://www.mountainproject.com/v/flatirons/105797700
6,Mount Sanitas,http://www.mountainproject.com/v/mount-sanitas/105744361
7,Old Mapleton Elementary School,http://www.mountainproject.com/v/old-mapleton-elementary-school/107303973
8,Upper Dream Canyon,http://www.mountainproject.com/v/upper-dream-canyon/105744234
9,Above Tower of Babel,http://www.mountainproject.com/v/above-tower-of-babel/105861997
10,Across From Cenotaph,http://www.mountainproject.com/v/across-from-cenotaph/105862845
11,Across From Mind Shaft Cliff Crag,http://www.mountainproject.com/v/across-from-mind-shaft-cliff-crag/105861965
12,Across from The Bihedral aka Cascade Crag,http://www.mountainproject.com/v/across-from-the-bihedral-aka-cascade-crag/105746307
13,Ament's Rock,http://www.mountainproject.com/v/aments-rock/105746686
14,"Angel of Death (formerly known as The Beer Can), The",http://www.mountainproject.com/v/the-angel-of-death-formerly-known-as-the-beer-can/105746077
15,Animal World,http://www.mountainproject.com/v/animal-world/105744917
16,"Arena (aka Contender Wall), The",http://www.mountainproject.com/v/the-arena-aka-contender-wall/105745747
17,Armin's Crag,http://www.mountainproject.com/v/armins-crag/106056543
18,Avalon,http://www.mountainproject.com/v/avalon/105745528
19,Bell Buttress Massif,http://www.mountainproject.com/v/bell-buttress-massif/105864848
20,Between Crackland and Wizard Rock,http://www.mountainproject.com/v/between-crackland-and-wizard-rock/106909001
21,BH Block,http://www.mountainproject.com/v/bh-block/106597307
22,"Bihedral Area, The",http://www.mountainproject.com/v/the-bihedral-area/105859534
23,Bitty Buttress,http://www.mountainproject.com/v/bitty-buttress/105744605
24,Black Widow Slab,http://www.mountainproject.com/v/black-widow-slab/105746409
25,Blob Rock Area,http://www.mountainproject.com/v/blob-rock-area/105810491
26,Boulder Canyon Boulder,http://www.mountainproject.com/v/boulder-canyon-boulder/105746474
27,Boulder Falls East,http://www.mountainproject.com/v/boulder-falls-east/105959633
28,Boulder Slips,http://www.mountainproject.com/v/boulder-slips/105860783
29,"Boulderado, The",http://www.mountainproject.com/v/the-boulderado/105744641
30,"Bowling Alley, The",http://www.mountainproject.com/v/the-bowling-alley/105863546
31,"Brick Wall, The",http://www.mountainproject.com/v/the-brick-wall/105744587
32,Broken Rock,http://www.mountainproject.com/v/broken-rock/105746331
33,Bummers Rock,http://www.mountainproject.com/v/bummers-rock/105744576
34,Canyon Block,http://www.mountainproject.com/v/canyon-block/106014126
35,Castle Rock,http://www.mountainproject.com/v/castle-rock/105744656
36,"Catacombs, The",http://www.mountainproject.com/v/the-catacombs/109142199
37,Cenotaph Crag,http://www.mountainproject.com/v/cenotaph-crag/105745813
38,Cenotaph Spire,http://www.mountainproject.com/v/cenotaph-spire/106830585
39,Cob Rock,http://www.mountainproject.com/v/cob-rock/105744567
40,Coney Island,http://www.mountainproject.com/v/coney-island/105744894
41,"Cornerstone, The",http://www.mountainproject.com/v/the-cornerstone/105744776
42,Couch Fire Crag,http://www.mountainproject.com/v/couch-fire-crag/105832576
43,"Dome, The",http://www.mountainproject.com/v/the-dome/105744581
44,Eagle Rock,http://www.mountainproject.com/v/eagle-rock/105744900
45,East Of Eden,http://www.mountainproject.com/v/east-of-eden/106189795
46,Easter Rock,http://www.mountainproject.com/v/easter-rock/105745978
47,Electra Glide,http://www.mountainproject.com/v/electra-glide/105744635
48,Elephant Buttresses,http://www.mountainproject.com/v/elephant-buttresses/105744584
49,Fin Land,http://www.mountainproject.com/v/fin-land/108416804
50,Frisky Cliff,http://www.mountainproject.com/v/frisky-cliff/105746495
51,Frogman Pinnacle,http://www.mountainproject.com/v/frogman-pinnacle/105809402
52,Garden Party Wall,http://www.mountainproject.com/v/garden-party-wall/105746007
53,Goofy Spire,http://www.mountainproject.com/v/goofy-spire/108294091
54,Happy Hour Crag,http://www.mountainproject.com/v/happy-hour-crag/105744626
55,"Hideout, The",http://www.mountainproject.com/v/the-hideout/105863420
56,High Energy Crag,http://www.mountainproject.com/v/high-energy-crag/105746063
57,Higher Energy Crag,http://www.mountainproject.com/v/higher-energy-crag/105809835
58,Hillbilly Rocks,http://www.mountainproject.com/v/hillbilly-rocks/105810536
59,Interloper Wall,http://www.mountainproject.com/v/interloper-wall/107143309
60,Island Rock,http://www.mountainproject.com/v/island-rock/105746859
61,Law of Physics Crag,http://www.mountainproject.com/v/law-of-physics-crag/106484844
62,Lion's Den,http://www.mountainproject.com/v/lions-den/105746275
63,Little Crag,http://www.mountainproject.com/v/little-crag/105744773
64,"Loft, The",http://www.mountainproject.com/v/the-loft/107593735
65,Long Walk Rock,http://www.mountainproject.com/v/long-walk-rock/106281411
66,"Lookout, The",http://www.mountainproject.com/v/the-lookout/105863556
67,Lost Flatiron,http://www.mountainproject.com/v/lost-flatiron/105744593
68,Lost Rock,http://www.mountainproject.com/v/lost-rock/105832169
69,Lower Boulder Falls,http://www.mountainproject.com/v/lower-boulder-falls/105810530
70,Lower Dream Canyon,http://www.mountainproject.com/v/lower-dream-canyon/105810533
71,Mental Rock,http://www.mountainproject.com/v/mental-rock/105746841
72,Mind Shaft Cliff,http://www.mountainproject.com/v/mind-shaft-cliff/107104128
73,Mindless Cliff,http://www.mountainproject.com/v/mindless-cliff/105746328
74,Mine Hole Crag,http://www.mountainproject.com/v/mine-hole-crag/105745103
75,Mountain Rose,http://www.mountainproject.com/v/mountain-rose/105746325
76,Myth Rock,http://www.mountainproject.com/v/myth-rock/105746862
77,Nip and Tuck,http://www.mountainproject.com/v/nip-and-tuck/105744647
78,Nursing Home,http://www.mountainproject.com/v/nursing-home/105792930
79,One Shoe Makes It Murder,http://www.mountainproject.com/v/one-shoe-makes-it-murder/105746355
80,"Overlook, The",http://www.mountainproject.com/v/the-overlook/105746880
81,Pop Rock,http://www.mountainproject.com/v/pop-rock/106479035
82,Practice Rock,http://www.mountainproject.com/v/practice-rock/105744629
83,Red Lyin' Slab,http://www.mountainproject.com/v/red-lyin-slab/106159474
84,Retirement Rock,http://www.mountainproject.com/v/retirement-rock/105790190
85,Road Rock,http://www.mountainproject.com/v/road-rock/105825337
86,Rock Island I,http://www.mountainproject.com/v/rock-island-i/105862431
87,Rock Island II,http://www.mountainproject.com/v/rock-island-ii/105744778
88,Security Risk Massif,http://www.mountainproject.com/v/security-risk-massif/105810539
89,Sherwood Forest,http://www.mountainproject.com/v/sherwood-forest/105744573
90,Short Cliff w/ Three Cracks,http://www.mountainproject.com/v/short-cliff-w-three-cracks/105744611
91,Sleeping Beauty,http://www.mountainproject.com/v/sleeping-beauty/105746415
92,"Solar Dome (aka LightHouse), The",http://www.mountainproject.com/v/the-solar-dome-aka-lighthouse/105744903
93,Solaris,http://www.mountainproject.com/v/solaris/105746462
94,Spasmodic  Rock,http://www.mountainproject.com/v/spasmodic-rock/105848070
95,"Sport Park, The",http://www.mountainproject.com/v/the-sport-park/105744761
96,Stepping Stones,http://www.mountainproject.com/v/stepping-stones/105744650
97,Sugar Crack Buttress,http://www.mountainproject.com/v/sugar-crack-buttress/106159464
98,Sugarloaf Block,http://www.mountainproject.com/v/sugarloaf-block/106511755
99,"Teflon Wall, The",http://www.mountainproject.com/v/the-teflon-wall/105746527
100,Three Buffoons,http://www.mountainproject.com/v/three-buffoons/105746823
101,Tonnere Tower,http://www.mountainproject.com/v/tonnere-tower/105746916
102,Tortoise Boulder,http://www.mountainproject.com/v/tortoise-boulder/106610756
103,Tower of Babel,http://www.mountainproject.com/v/tower-of-babel/105746427
104,Trespass Rock,http://www.mountainproject.com/v/trespass-rock/106149810
105,Trout Rock,http://www.mountainproject.com/v/trout-rock/105746850
106,Truth or Consequences Crag aka Inca Stone,http://www.mountainproject.com/v/truth-or-consequences-crag-aka-inca-stone/105745325
107,Tungsten Mine Shaft,http://www.mountainproject.com/v/tungsten-mine-shaft/105863507
108,Turtle Rock: A Crag for Kids,http://www.mountainproject.com/v/turtle-rock-a-crag-for-kids/108182017
109,Unknown Crag (across from Lost Rock),http://www.mountainproject.com/v/unknown-crag-across-from-lost-rock/106085643
110,Vampire Rock,http://www.mountainproject.com/v/vampire-rock/105744644
111,"Wall of Voodoo, The",http://www.mountainproject.com/v/the-wall-of-voodoo/105746019
112,"Watermark, The",http://www.mountainproject.com/v/the-watermark/105745109
113,Witches' Tower,http://www.mountainproject.com/v/witches-tower/105746650
114,Wizard Rock,http://www.mountainproject.com/v/wizard-rock/105746456
115,"Zoo, The",http://www.mountainproject.com/v/the-zoo/105744920
116,CU General Campus,http://www.mountainproject.com/v/cu-general-campus/106033318
117,Engineering Center,http://www.mountainproject.com/v/engineering-center/105744729
118,Music Building,http://www.mountainproject.com/v/music-building/107926614
119,Old Main,http://www.mountainproject.com/v/old-main/108888593
120,United Methodist Church of Boulder,http://www.mountainproject.com/v/united-methodist-church-of-boulder/105929338
121,Wolf Law Building,http://www.mountainproject.com/v/wolf-law-building/107619558
122,"Bastille, The",http://www.mountainproject.com/v/the-bastille/105807521
123,Cadillac Crag,http://www.mountainproject.com/v/cadillac-crag/105744844
124,Cartoon Crag,http://www.mountainproject.com/v/cartoon-crag/106635037
125,Continental Crag,http://www.mountainproject.com/v/continental-crag/105745855
126,Diamond Head,http://www.mountainproject.com/v/diamond-head/105745735
127,Eldorado Canyon Bouldering,http://www.mountainproject.com/v/eldorado-canyon-bouldering/106731703
128,Hawk-Eagle Ridge,http://www.mountainproject.com/v/hawk-eagle-ridge/105745073
129,Island Rock,http://www.mountainproject.com/v/island-rock/106052432
130,Kloof Alcove,http://www.mountainproject.com/v/kloof-alcove/105745367
131,Millennium Crag,http://www.mountainproject.com/v/millennium-crag/105746358
132,North Rock,http://www.mountainproject.com/v/north-rock/105746656
133,Peanuts Walls,http://www.mountainproject.com/v/peanuts-walls/105807515
134,Petit Bastille,http://www.mountainproject.com/v/petit-bastille/105746361
135,Physical Crag,http://www.mountainproject.com/v/physical-crag/105746641
136,Redgarden Wall,http://www.mountainproject.com/v/redgarden-wall/105807689
137,Rincon,http://www.mountainproject.com/v/rincon/105807722
138,"Rotwand, The",http://www.mountainproject.com/v/the-rotwand/105746322
139,Secret Circle,http://www.mountainproject.com/v/secret-circle/106247956
140,Shirt Tail Peak,http://www.mountainproject.com/v/shirt-tail-peak/105745304
141,Sobo,http://www.mountainproject.com/v/sobo/105745723
142,Split Block,http://www.mountainproject.com/v/split-block/105745238
143,Supremacy Rock,http://www.mountainproject.com/v/supremacy-rock/105745220
144,"Veil, The",http://www.mountainproject.com/v/the-veil/105745693
145,Visitor's Center,http://www.mountainproject.com/v/visitors-center/106862641
146,"West Ridge, The",http://www.mountainproject.com/v/the-west-ridge/105807716
147,"Whale's Tail, The",http://www.mountainproject.com/v/the-whales-tail/105744862
148,"Wind Tower, The",http://www.mountainproject.com/v/the-wind-tower/105807505
149,Behemoth,http://www.mountainproject.com/v/behemoth/105958806
150,East Ridge,http://www.mountainproject.com/v/east-ridge/105746086
151,"Industrial Wall, The",http://www.mountainproject.com/v/the-industrial-wall/105745091
152,Mickey Mouse Wall,http://www.mountainproject.com/v/mickey-mouse-wall/105744750
153,Ridge 1,http://www.mountainproject.com/v/ridge-1/105745849
154,Ridge 2,http://www.mountainproject.com/v/ridge-2/105745804
155,Ridge 4,http://www.mountainproject.com/v/ridge-4/105745094
156,Secret Crag (aka Ridge 6),http://www.mountainproject.com/v/secret-crag-aka-ridge-6/105745106
157,Suburbia Boulder,http://www.mountainproject.com/v/suburbia-boulder/105746433
158,Warm Up Rock,http://www.mountainproject.com/v/warm-up-rock/108599960
159,Alamo Rock,http://www.mountainproject.com/v/alamo-rock/105746524
160,Amphitheater's Backside,http://www.mountainproject.com/v/amphitheaters-backside/107300500
161,Beer Barrel Boulder,http://www.mountainproject.com/v/beer-barrel-boulder/105744868
162,Brown Glass Wall,http://www.mountainproject.com/v/brown-glass-wall/107180243
163,Bulging Wall,http://www.mountainproject.com/v/bulging-wall/107325039
164,"Candel Area, The",http://www.mountainproject.com/v/candel-area-the/107326513
165,"Capstan, The",http://www.mountainproject.com/v/the-capstan/105744726
166,Cloud Shadow,http://www.mountainproject.com/v/cloud-shadow/105744865
167,Cookie Jar,http://www.mountainproject.com/v/cookie-jar/105746483
168,Crown Rock,http://www.mountainproject.com/v/crown-rock/105746516
169,Cryptic Boulder,http://www.mountainproject.com/v/cryptic-boulder/107507078
170,"Dark Side, The",http://www.mountainproject.com/v/the-dark-side/107514858
171,Distant Dancer Pinnacle,http://www.mountainproject.com/v/distant-dancer-pinnacle/105746507
172,Face Wall,http://www.mountainproject.com/v/face-wall/109083646
173,First Overhang,http://www.mountainproject.com/v/first-overhang/105746310
174,"Flagstaff Amphitheatre, The",http://www.mountainproject.com/v/the-flagstaff-amphitheatre/105746581
175,Forgotten Ridge,http://www.mountainproject.com/v/forgotten-ridge/108730112
176,Fraggle Rocks,http://www.mountainproject.com/v/fraggle-rocks/108270996
177,Golf Club Boulder,http://www.mountainproject.com/v/golf-club-boulder/105745121
178,"Great Escape Boulder, The",http://www.mountainproject.com/v/the-great-escape-boulder/106945006
179,Hobo Cave,http://www.mountainproject.com/v/hobo-cave/106453163
180,Hueco Overhang Ridge,http://www.mountainproject.com/v/hueco-overhang-ridge/108766944
181,King Conquerer,http://www.mountainproject.com/v/king-conquerer/105746292
182,Little Flatiron,http://www.mountainproject.com/v/little-flatiron/105746746
183,Loose Flake Spire,http://www.mountainproject.com/v/loose-flake-spire/106909245
184,Miscellaneous Valley,http://www.mountainproject.com/v/miscellaneous-valley/105746510
185,Monkey Traverse,http://www.mountainproject.com/v/monkey-traverse/105746504
186,Moon Rock,http://www.mountainproject.com/v/moon-rock/105746701
187,Nook's Rock,http://www.mountainproject.com/v/nooks-rock/105745409
188,North Rocks,http://www.mountainproject.com/v/north-rocks/106214956
189,Notlim Boulder,http://www.mountainproject.com/v/notlim-boulder/105746602
190,One Arms Rocks,http://www.mountainproject.com/v/one-arms-rocks/105746513
191,Overhang Wall,http://www.mountainproject.com/v/overhang-wall/106148249
192,Panorama Rock,http://www.mountainproject.com/v/panorama-rock/108078211
193,Pebble Boulder,http://www.mountainproject.com/v/pebble-boulder/105746492
194,Pinnacle Colada,http://www.mountainproject.com/v/pinnacle-colada/105812046
195,Pratt's Rock aka Pratt's Overhang,http://www.mountainproject.com/v/pratts-rock-aka-pratts-overhang/105746289
196,Pumpkin Rock,http://www.mountainproject.com/v/pumpkin-rock/107145293
197,Rear-End Rock,http://www.mountainproject.com/v/rear-end-rock/105746788
198,Red Wall,http://www.mountainproject.com/v/red-wall/105744871
199,Rib Boulder,http://www.mountainproject.com/v/rib-boulder/107100915
200,Road Sign Rock,http://www.mountainproject.com/v/road-sign-rock/105746668
201,Shark's Rock,http://www.mountainproject.com/v/sharks-rock/105746749
202,Three of a Kind Wall,http://www.mountainproject.com/v/three-of-a-kind-wall/105746578
203,Tombstone Spire,http://www.mountainproject.com/v/tombstone-spire/106747274
204,Trail Side Wall aka Plain View Ridge,http://www.mountainproject.com/v/trail-side-wall-aka-plain-view-ridge/105804730
205,Tree Slab,http://www.mountainproject.com/v/tree-slab/105746170
206,Umbrella Tree,http://www.mountainproject.com/v/umbrella-tree/105745403
207,Upper Y Traverse,http://www.mountainproject.com/v/upper-y-traverse/105746295
208,Central,http://www.mountainproject.com/v/central/105744237
209,North,http://www.mountainproject.com/v/north/105744231
210,"Sacred Cliffs, The",http://www.mountainproject.com/v/the-sacred-cliffs/105744298
211,South,http://www.mountainproject.com/v/south/105744252
212,Classy Wall,http://www.mountainproject.com/v/classy-wall/105746530
213,Corner Rock,http://www.mountainproject.com/v/corner-rock/105746536
214,Hawthorn Block,http://www.mountainproject.com/v/hawthorn-block/106936305
215,Kamakazi Boulder,http://www.mountainproject.com/v/kamakazi-boulder/105974519
216,Lower Fin,http://www.mountainproject.com/v/lower-fin/105746137
217,North Shelf Block,http://www.mountainproject.com/v/north-shelf-block/105746134
218,Red Rocks (Boulder),http://www.mountainproject.com/v/red-rocks-boulder/105746418
219,Ridge Gap Wall,http://www.mountainproject.com/v/ridge-gap-wall/105746533
220,Sanitas Proper,http://www.mountainproject.com/v/sanitas-proper/106468098
221,South Shelf Block,http://www.mountainproject.com/v/south-shelf-block/105746659
222,Turd Boulder aka Leaning Boulder,http://www.mountainproject.com/v/turd-boulder-aka-leaning-boulder/105746767
223,Upper Fin,http://www.mountainproject.com/v/upper-fin/106140395
224,Bat Cove,http://www.mountainproject.com/v/bat-cove/106348830
225,Candle Stick Crag,http://www.mountainproject.com/v/candle-stick-crag/106353784
226,"Chamber, The",http://www.mountainproject.com/v/the-chamber/106367962
227,Classic Cliff,http://www.mountainproject.com/v/classic-cliff/105831265
228,Dream Dome,http://www.mountainproject.com/v/dream-dome/105744665
229,"Greenhouse, The",http://www.mountainproject.com/v/the-greenhouse/105831287
230,"Icon, The",http://www.mountainproject.com/v/the-icon/105744873
231,Jessica's Block,http://www.mountainproject.com/v/jessicas-block/106347449
232,Lost Angel,http://www.mountainproject.com/v/lost-angel/105744668
233,Midnight Rock,http://www.mountainproject.com/v/midnight-rock/105744674
234,Oceanic Wall,http://www.mountainproject.com/v/oceanic-wall/105744662
235,"Spider's Den, The",http://www.mountainproject.com/v/the-spiders-den/105847114
236,"Steeple, The",http://www.mountainproject.com/v/the-steeple/106378811
237,"Terrace, The",http://www.mountainproject.com/v/the-terrace/105746197
238,Thunder Point,http://www.mountainproject.com/v/thunder-point/105746066
239,Touch of Grey Slabs,http://www.mountainproject.com/v/touch-of-grey-slabs/106367993
240,Turtle Dome,http://www.mountainproject.com/v/turtle-dome/106367934
241,Universal Crag,http://www.mountainproject.com/v/universal-crag/105746498
242,Vanishing Point,http://www.mountainproject.com/v/vanishing-point/105744677
243,Water Slabs,http://www.mountainproject.com/v/water-slabs/105744671
244,First Tier,http://www.mountainproject.com/v/first-tier/105810437
245,Second Tier,http://www.mountainproject.com/v/second-tier/105810440
246,Third Tier,http://www.mountainproject.com/v/third-tier/105810461
247,Aquarium Wall,http://www.mountainproject.com/v/aquarium-wall/105864851
248,Bean Liquor Wall,http://www.mountainproject.com/v/bean-liquor-wall/105864858
249,Bell Buttress - Main Crag,http://www.mountainproject.com/v/bell-buttress---main-crag/105745079
250,"Patio, The",http://www.mountainproject.com/v/the-patio/105864854
251,"Bihedral (Upper Tier), The",http://www.mountainproject.com/v/the-bihedral-upper-tier/105745016
252,Castaway Block,http://www.mountainproject.com/v/castaway-block/106597338
253,"Left Side, The",http://www.mountainproject.com/v/the-left-side/105859537
254,"Lower Tier, The",http://www.mountainproject.com/v/the-lower-tier/105936825
255,"Riviera, The",http://www.mountainproject.com/v/the-riviera/105744599
256,Blob Rock,http://www.mountainproject.com/v/blob-rock/105744617
257,East Blob,http://www.mountainproject.com/v/east-blob/105810506
258,Little Blob,http://www.mountainproject.com/v/little-blob/105811313
259,Small Package Block,http://www.mountainproject.com/v/small-package-block/105746883
260,Lower Right Side,http://www.mountainproject.com/v/lower-right-side/105863541
261,Main Crag,http://www.mountainproject.com/v/main-crag/105744638
262,"Dome Boulder, The",http://www.mountainproject.com/v/the-dome-boulder/107186734
263,Elephant Boulders,http://www.mountainproject.com/v/elephant-boulders/108020833
264,First Buttress,http://www.mountainproject.com/v/first-buttress/105810509
265,Fourth Buttress,http://www.mountainproject.com/v/fourth-buttress/105810518
266,Second Buttress,http://www.mountainproject.com/v/second-buttress/105810512
267,Third Buttress,http://www.mountainproject.com/v/third-buttress/105810515
268,Topknot,http://www.mountainproject.com/v/topknot/106129843
269,Hillbilly Rock  1,http://www.mountainproject.com/v/hillbilly-rock-1/105746191
270,Hillbilly Rock 2,http://www.mountainproject.com/v/hillbilly-rock-2/107978924
271,Hillbilly Rock 3,http://www.mountainproject.com/v/hillbilly-rock-3/107979136
272,Bachar's Block,http://www.mountainproject.com/v/bachars-block/106484870
273,Berlin Wall,http://www.mountainproject.com/v/berlin-wall/105746904
274,"Bhakti Point, Summit Knob",http://www.mountainproject.com/v/bhakti-point-summit-knob/105832559
275,Chrome Dome,http://www.mountainproject.com/v/chrome-dome/105746901
276,Critic's Block,http://www.mountainproject.com/v/critics-block/106365508
277,Freedom Boulder,http://www.mountainproject.com/v/freedom-boulder/105861955
278,Krishna & Serenity Spire,http://www.mountainproject.com/v/krishna--serenity-spire/105746892
279,Nickel Dome,http://www.mountainproject.com/v/nickel-dome/105746895
280,Pin Dome,http://www.mountainproject.com/v/pin-dome/105746898
281,Plotinus Wall,http://www.mountainproject.com/v/plotinus-wall/105746889
282,Universal Crusher Rock,http://www.mountainproject.com/v/universal-crusher-rock/105810821
283,Wall of Winter Warmth,http://www.mountainproject.com/v/wall-of-winter-warmth/105746907
284,Higher Security Risk,http://www.mountainproject.com/v/higher-security-risk/105746236
285,Lower Security Risk,http://www.mountainproject.com/v/lower-security-risk/105745235
286,Upper Security Risk,http://www.mountainproject.com/v/upper-security-risk/105744623
287,Ledge One,http://www.mountainproject.com/v/ledge-one/105810547
288,Lost Highway Area,http://www.mountainproject.com/v/lost-highway-area/105810556
289,Main Wall,http://www.mountainproject.com/v/main-wall/105810553
290,South Pillar,http://www.mountainproject.com/v/south-pillar/105810550
291,"Clock Tower, The",http://www.mountainproject.com/v/the-clock-tower/105811184
292,Forbidden Fruit Crag,http://www.mountainproject.com/v/forbidden-fruit-crag/105811178
293,Overhung Wall,http://www.mountainproject.com/v/overhung-wall/105811191
294,Owl Prow,http://www.mountainproject.com/v/owl-prow/105811181
295,Recovery Room,http://www.mountainproject.com/v/recovery-room/105811204
296,"Sky Cafe, The",http://www.mountainproject.com/v/the-sky-cafe/105811194
297,Sport Park Slab,http://www.mountainproject.com/v/sport-park-slab/105811198
298,"Stone Cafe, The",http://www.mountainproject.com/v/the-stone-cafe/107951333
299,Surprising Crag,http://www.mountainproject.com/v/surprising-crag/105811170
300,"Visor, The",http://www.mountainproject.com/v/the-visor/105811187
301,Creekside,http://www.mountainproject.com/v/creekside/106028722
302,"Garden, The",http://www.mountainproject.com/v/the-garden/106028710
303,Northwest Face,http://www.mountainproject.com/v/northwest-face/106028734
304,Sport Land,http://www.mountainproject.com/v/sport-land/106028695
305,Treasure Wall,http://www.mountainproject.com/v/treasure-wall/106028704
306,"Bastille - N Face, The",http://www.mountainproject.com/v/the-bastille---n-face/105744723
307,"Bastille - W Face, The",http://www.mountainproject.com/v/the-bastille---w-face/105807524
308,Accordion Boulder,http://www.mountainproject.com/v/accordion-boulder/108540385
309,Beach Boulders,http://www.mountainproject.com/v/beach-boulders/108540478
310,Blocks Rocks,http://www.mountainproject.com/v/blocks-rocks/108011945
311,Crank Rock,http://www.mountainproject.com/v/crank-rock/108048640
312,Creek Slab ,http://www.mountainproject.com/v/creek-slab-/108845132
313,Diamond Head Bouldering,http://www.mountainproject.com/v/diamond-head-bouldering/106731862
314,East Draw,http://www.mountainproject.com/v/east-draw/107882568
315,Edge Blocks,http://www.mountainproject.com/v/edge-blocks/108558834
316,"Freight Train Boulder, The",http://www.mountainproject.com/v/the-freight-train-boulder/107112167
317,Fringe Boulder,http://www.mountainproject.com/v/fringe-boulder/108050390
318,"Gill Boulder, The",http://www.mountainproject.com/v/the-gill-boulder/105992456
319,Hip Hop Boulder,http://www.mountainproject.com/v/hip-hop-boulder/108048695
320,Horn Boulder,http://www.mountainproject.com/v/horn-boulder/108540411
321,Mile Stone,http://www.mountainproject.com/v/mile-stone/108048669
322,Milton Boulder,http://www.mountainproject.com/v/milton-boulder/105984750
323,Mitten Boulder,http://www.mountainproject.com/v/mitten-boulder/108540466
324,"Musical Boulders (aka- Eldorado Canyon Trail Boulders ), The",http://www.mountainproject.com/v/the-musical-boulders-aka--eldorado-canyon-trail-boulders-/106096636
325,Punk Rock ,http://www.mountainproject.com/v/punk-rock-/108048615
326,Pyramid Boulder,http://www.mountainproject.com/v/pyramid-boulder/108050379
327,Redgarden Boulders,http://www.mountainproject.com/v/redgarden-boulders/106731896
328,River Block,http://www.mountainproject.com/v/river-block/108023360
329,Riverside Boulder,http://www.mountainproject.com/v/riverside-boulder/106722492
330,Splish Boulder,http://www.mountainproject.com/v/splish-boulder/108540403
331,Water Rock,http://www.mountainproject.com/v/water-rock/106669314
332,Wave Boulder,http://www.mountainproject.com/v/wave-boulder/108558584
333,West Ridge Boulders,http://www.mountainproject.com/v/west-ridge-boulders/106731936
334,West World,http://www.mountainproject.com/v/west-world/105993190
335,Lower Peanuts,http://www.mountainproject.com/v/lower-peanuts/105806998
336,Upper Peanuts,http://www.mountainproject.com/v/upper-peanuts/105744790
337,Redgarden - Below Lower Ramp,http://www.mountainproject.com/v/redgarden---below-lower-ramp/105807707
338,Redgarden - Lumpe to the top,http://www.mountainproject.com/v/redgarden---lumpe-to-the-top/105807704
339,Redgarden - Roof Routes,http://www.mountainproject.com/v/redgarden---roof-routes/105807701
340,Redgarden - S Buttress,http://www.mountainproject.com/v/redgarden---s-buttress/105807692
341,Redgarden - Tower One,http://www.mountainproject.com/v/redgarden---tower-one/105807695
342,Redgarden - Tower Two,http://www.mountainproject.com/v/redgarden---tower-two/105807698
343,Rincon - Center Route & R,http://www.mountainproject.com/v/rincon---center-route--r/105807728
344,Rincon - L of Center Route,http://www.mountainproject.com/v/rincon---l-of-center-route/105807725
345,Corner Stone,http://www.mountainproject.com/v/corner-stone/106957394
346,West Ridge - part A - Verschneidung to base,http://www.mountainproject.com/v/west-ridge---part-a---verschneidung-to-base/105807749
347,West Ridge - part B - Long John to Verschneidung,http://www.mountainproject.com/v/west-ridge---part-b---long-john-to-verschneidung/105807746
348,West Ridge - part C - Pony Express to Long John,http://www.mountainproject.com/v/west-ridge---part-c---pony-express-to-long-john/105807742
349,West Ridge - part D - Xanadu to Pony Express,http://www.mountainproject.com/v/west-ridge---part-d---xanadu-to-pony-express/105807736
350,West Ridge - part E - top to Xanadu,http://www.mountainproject.com/v/west-ridge---part-e---top-to-xanadu/105807733
351,West Ridge - part F - The Potato Chip,http://www.mountainproject.com/v/west-ridge---part-f---the-potato-chip/105745828
352,Wind Tower - S Face,http://www.mountainproject.com/v/wind-tower---s-face/105807427
353,Wind Tower - SW Face,http://www.mountainproject.com/v/wind-tower---sw-face/105744711
354,"Cave Hang, The",http://www.mountainproject.com/v/the-cave-hang/107326519
355,Fingers Boulder,http://www.mountainproject.com/v/fingers-boulder/108144364
356,"Jug, The",http://www.mountainproject.com/v/the-jug/107328902
357,Lion's Den,http://www.mountainproject.com/v/lions-den/107326550
358,Muffet Rock,http://www.mountainproject.com/v/muffet-rock/107895714
359,Overhanging Prow,http://www.mountainproject.com/v/overhanging-prow/105746698
360,Sunshine Slab,http://www.mountainproject.com/v/sunshine-slab/107326583
361,Achean Pronouncement,http://www.mountainproject.com/v/achean-pronouncement/105744805
362,Amoeboid,http://www.mountainproject.com/v/amoeboid/105745558
363,Anomaly,http://www.mountainproject.com/v/anomaly/105745555
364,Babyhorn,http://www.mountainproject.com/v/babyhorn/105745717
365,Backporch,http://www.mountainproject.com/v/backporch/105746179
366,Bear Canyon Bouldering,http://www.mountainproject.com/v/bear-canyon-bouldering/106937660
367,Bear Creek Spire,http://www.mountainproject.com/v/bear-creek-spire/105745861
368,"Box, The",http://www.mountainproject.com/v/the-box/105746048
369,"Bubble, The",http://www.mountainproject.com/v/the-bubble/105746551
370,Bulge Boulder,http://www.mountainproject.com/v/bulge-boulder/105746761
371,Der Freischutz,http://www.mountainproject.com/v/der-freischutz/105745223
372,Der Zerkle,http://www.mountainproject.com/v/der-zerkle/105744684
373,Dinosaur Rock,http://www.mountainproject.com/v/dinosaur-rock/105745684
374,Dobkin Rock,http://www.mountainproject.com/v/dobkin-rock/107103679
375,Dreadnaught,http://www.mountainproject.com/v/dreadnaught/105745522
376,Dum,http://www.mountainproject.com/v/dum/105745957
377,Dwarf,http://www.mountainproject.com/v/dwarf/105746069
378,East Sentinel,http://www.mountainproject.com/v/east-sentinel/108031013
379,Elevated Boulder,http://www.mountainproject.com/v/elevated-boulder/108289512
380,Fee,http://www.mountainproject.com/v/fee/105745759
381,Fi,http://www.mountainproject.com/v/fi/105745205
382,Fifth Flatiron,http://www.mountainproject.com/v/fifth-flatiron/105745301
383,Finger Flatiron,http://www.mountainproject.com/v/finger-flatiron/105745424
384,"Fist or Hippo Head, The",http://www.mountainproject.com/v/the-fist-or-hippo-head/105745400
385,Fo,http://www.mountainproject.com/v/fo/105744962
386,Fourth Flatiron,http://www.mountainproject.com/v/fourth-flatiron/105745909
387,Fourth Flatironette,http://www.mountainproject.com/v/fourth-flatironette/105745900
388,Front Porch,http://www.mountainproject.com/v/front-porch/105745124
389,Fum,http://www.mountainproject.com/v/fum/105745519
390,Gazebo,http://www.mountainproject.com/v/gazebo/105745846
391,Hammerhead,http://www.mountainproject.com/v/hammerhead/105745567
392,"Hand, The",http://www.mountainproject.com/v/the-hand/105745241
393,Hillbilly Rock,http://www.mountainproject.com/v/hillbilly-rock/105744968
394,"Hobo, The",http://www.mountainproject.com/v/the-hobo/105746030
395,"Hourglass, The",http://www.mountainproject.com/v/the-hourglass/105840780
396,Last Flatironette,http://www.mountainproject.com/v/last-flatironette/105838191
397,Lost Porch,http://www.mountainproject.com/v/lost-porch/105745903
398,Lost Sentinels,http://www.mountainproject.com/v/lost-sentinels/105746054
399,Mallory Flatironette,http://www.mountainproject.com/v/mallory-flatironette/105745825
400,Medicine Man Boulder,http://www.mountainproject.com/v/medicine-man-boulder/107545646
401,"North Ridge (of Dinosaur Mountain)., The",http://www.mountainproject.com/v/the-north-ridge-of-dinosaur-mountain/107849873
402,Northern Dinosaur Egg,http://www.mountainproject.com/v/northern-dinosaur-egg/105745756
403,Overture,http://www.mountainproject.com/v/overture/105745606
404,Red Devil,http://www.mountainproject.com/v/red-devil/105745432
405,"Regency, The",http://www.mountainproject.com/v/the-regency/105745774
406,Roof Rock,http://www.mountainproject.com/v/roof-rock/107208975
407,Royal Arch,http://www.mountainproject.com/v/royal-arch/105745777
408,Schmoe's Nose,http://www.mountainproject.com/v/schmoes-nose/105745927
409,Shark's Fin,http://www.mountainproject.com/v/sharks-fin/105745447
410,Skunk Canyon,http://www.mountainproject.com/v/skunk-canyon/105874599
411,South Ridge,http://www.mountainproject.com/v/south-ridge/108220137
412,Southern Dinosaur Egg,http://www.mountainproject.com/v/southern-dinosaur-egg/105744693
413,Square Rock,http://www.mountainproject.com/v/square-rock/105744687
414,Stonehenge,http://www.mountainproject.com/v/stonehenge/105744876
415,Tangen Towers,http://www.mountainproject.com/v/tangen-towers/105746239
416,Two Move Rock,http://www.mountainproject.com/v/two-move-rock/105745906
417,Unicorn,http://www.mountainproject.com/v/unicorn/105745912
418,West Sentinel,http://www.mountainproject.com/v/west-sentinel/108030992
419,Yahman Boulder,http://www.mountainproject.com/v/yahman-boulder/107184126
420,"Annex Boulder, The",http://www.mountainproject.com/v/the-annex-boulder/107212675
421,Bella Boulder,http://www.mountainproject.com/v/bella-boulder/105746683
422,Challenger,http://www.mountainproject.com/v/challenger/105745397
423,"Deviation, Lower",http://www.mountainproject.com/v/deviation-lower/106267004
424,"Deviation, Upper",http://www.mountainproject.com/v/deviation-upper/106267020
425,Downclimb/Sentinel Pass,http://www.mountainproject.com/v/downclimbsentinel-pass/105745948
426,East Ironing Board,http://www.mountainproject.com/v/east-ironing-board/105745250
427,Easy Street,http://www.mountainproject.com/v/easy-street/105745951
428,El Primero Boulder,http://www.mountainproject.com/v/el-primero-boulder/107212590
429,Eyes of the Canyon,http://www.mountainproject.com/v/eyes-of-the-canyon/105745543
430,"Fin, The",http://www.mountainproject.com/v/the-fin/105746716
431,First Flatiron,http://www.mountainproject.com/v/first-flatiron/105744678
432,First Flatironette,http://www.mountainproject.com/v/first-flatironette/105746188
433,"Ghetto, The",http://www.mountainproject.com/v/the-ghetto/105746158
434,Green Mountain Pinnacle,http://www.mountainproject.com/v/green-mountain-pinnacle/105745070
435,Green Thumb,http://www.mountainproject.com/v/green-thumb/105745678
436,Gregory Canyon (including The Amphitheatre),http://www.mountainproject.com/v/gregory-canyon-including-the-amphitheatre/105829700
437,Herbert Boulder,http://www.mountainproject.com/v/herbert-boulder/108462247
438,Jaws,http://www.mountainproject.com/v/jaws/105745549
439,Macbeth,http://www.mountainproject.com/v/macbeth/105746367
440,Queen Anne's Head,http://www.mountainproject.com/v/queen-annes-head/105745328
441,Saddle Rock,http://www.mountainproject.com/v/saddle-rock/105746230
442,Satellite Boulders,http://www.mountainproject.com/v/satellite-boulders/105745127
443,Second Flatiron,http://www.mountainproject.com/v/second-flatiron/105745298
444,Sentinel Boulders,http://www.mountainproject.com/v/sentinel-boulders/105745945
445,"Spy, The",http://www.mountainproject.com/v/the-spy/105745394
446,Sunset Flatironette,http://www.mountainproject.com/v/sunset-flatironette/105745780
447,"Thing, The",http://www.mountainproject.com/v/the-thing/105745765
448,Third Flatiron,http://www.mountainproject.com/v/third-flatiron/105744681
449,Third Flatironette,http://www.mountainproject.com/v/third-flatironette/106641191
450,Tomato Rock,http://www.mountainproject.com/v/tomato-rock/105745412
451,Upper Satellite Boulders,http://www.mountainproject.com/v/upper-satellite-boulders/106634380
452,W.C. Fields Pinnacle,http://www.mountainproject.com/v/wc-fields-pinnacle/105745343
453,West Ironing Board,http://www.mountainproject.com/v/west-ironing-board/105745262
454,Willy B,http://www.mountainproject.com/v/willy-b/105745391
455,Woods Quarry,http://www.mountainproject.com/v/woods-quarry/105745783
456,Cave Complex,http://www.mountainproject.com/v/cave-complex/106513724
457,Cuban Tower,http://www.mountainproject.com/v/cuban-tower/105746569
458,"Main Cliffs, The",http://www.mountainproject.com/v/the-main-cliffs/105745184
459,Namegame Rock,http://www.mountainproject.com/v/namegame-rock/105745178
460,One Route Rock,http://www.mountainproject.com/v/one-route-rock/106528773
461,Pebble Beach,http://www.mountainproject.com/v/pebble-beach/105745181
462,Angel's Wings aka Devil's Wings,http://www.mountainproject.com/v/angels-wings-aka-devils-wings/105745768
463,"Angel's Wings aka Devil's Wings, West Face",http://www.mountainproject.com/v/angels-wings-aka-devils-wings-west-face/106038498
464,"Apostle, The",http://www.mountainproject.com/v/the-apostle/105837336
465,Bongo Boulder,http://www.mountainproject.com/v/bongo-boulder/105744953
466,Chimera,http://www.mountainproject.com/v/chimera/107990426
467,Cubicle Crag,http://www.mountainproject.com/v/cubicle-crag/106034451
468,Damascus,http://www.mountainproject.com/v/damascus/107989041
469,Devil's Advocate,http://www.mountainproject.com/v/devils-advocate/105836705
470,Devil's Horns,http://www.mountainproject.com/v/devils-horns/106038473
471,Devil's Pinkie (AKA South Pinnacle),http://www.mountainproject.com/v/devils-pinkie-aka-south-pinnacle/108998404
472,Devil's Thumb,http://www.mountainproject.com/v/devils-thumb/105745247
473,Fatiron,http://www.mountainproject.com/v/fatiron/105745406
474,Fern Canyon,http://www.mountainproject.com/v/fern-canyon/105874737
475,First Advisor,http://www.mountainproject.com/v/first-advisor/107189632
476,Flying Flatiron,http://www.mountainproject.com/v/flying-flatiron/105746027
477,"Goose, The",http://www.mountainproject.com/v/the-goose/105744620
478,Harmon Flatironette,http://www.mountainproject.com/v/harmon-flatironette/107960540
479,Harmon's East,http://www.mountainproject.com/v/harmons-east/107960552
480,Isolation Rock,http://www.mountainproject.com/v/isolation-rock/106034475
481,Jamcrack Spire,http://www.mountainproject.com/v/jamcrack-spire/105746707
482,"Keel, The",http://www.mountainproject.com/v/the-keel/105839199
483,Lost And Found,http://www.mountainproject.com/v/lost-and-found/105746719
484,"Maiden, The",http://www.mountainproject.com/v/the-maiden/105745076
485,Major Maroon Boulder,http://www.mountainproject.com/v/major-maroon-boulder/105746200
486,Mars Block,http://www.mountainproject.com/v/mars-block/107156765
487,"Matron, The",http://www.mountainproject.com/v/the-matron/105744859
488,Medusa,http://www.mountainproject.com/v/medusa/107993423
489,Overhang Rock,http://www.mountainproject.com/v/overhang-rock/105745115
490,"Penguin, The",http://www.mountainproject.com/v/the-penguin/107626759
491,"Pup, The",http://www.mountainproject.com/v/the-pup/106676588
492,Pyramid,http://www.mountainproject.com/v/pyramid/106038038
493,Saqqara,http://www.mountainproject.com/v/saqqara/106048972
494,Seal Rock,http://www.mountainproject.com/v/seal-rock/105745265
495,Second Advisor,http://www.mountainproject.com/v/second-advisor/107189934
496,Shadowfax,http://www.mountainproject.com/v/shadowfax/106034447
497,Shanahan Crag,http://www.mountainproject.com/v/shanahan-crag/105745370
498,"Sibling, The",http://www.mountainproject.com/v/the-sibling/105746725
499,"Slab, The",http://www.mountainproject.com/v/the-slab/105745364
500,"Sphinx, The",http://www.mountainproject.com/v/the-sphinx/105746590
501,Sunset Wall,http://www.mountainproject.com/v/sunset-wall/106034494
502,Terrain Boulders,http://www.mountainproject.com/v/terrain-boulders/105745043
503,Third Advisor,http://www.mountainproject.com/v/third-advisor/107189949
504,Tiny Tower,http://www.mountainproject.com/v/tiny-tower/105745819
505,Toddler Rock,http://www.mountainproject.com/v/toddler-rock/105746722
506,Tower Of The Moon,http://www.mountainproject.com/v/tower-of-the-moon/105746704
507,Unknown Rock,http://www.mountainproject.com/v/unknown-rock/107143690
508,Upper Blues Boulders,http://www.mountainproject.com/v/upper-blues-boulders/105984830
509,X Crack Boulder,http://www.mountainproject.com/v/x-crack-boulder/107730806
510,Clipboard Area,http://www.mountainproject.com/v/clipboard-area/105810455
511,Middle Wall,http://www.mountainproject.com/v/middle-wall/105810458
512,Tarot Wall,http://www.mountainproject.com/v/tarot-wall/105810443
513,Three Dihedrals,http://www.mountainproject.com/v/three-dihedrals/105810446
514,Wall of the Dead,http://www.mountainproject.com/v/wall-of-the-dead/105810452
515,Crack Land,http://www.mountainproject.com/v/crack-land/105810466
516,Southwest Buttress,http://www.mountainproject.com/v/southwest-buttress/105810475
517,Wall of the Dragon,http://www.mountainproject.com/v/wall-of-the-dragon/105810469
518,Wall of the Goddess,http://www.mountainproject.com/v/wall-of-the-goddess/105810478
519,West Gully,http://www.mountainproject.com/v/west-gully/105810472
520,Central Chimney Area,http://www.mountainproject.com/v/central-chimney-area/105811157
521,Dike Wall,http://www.mountainproject.com/v/dike-wall/105811154
522,Main Wall,http://www.mountainproject.com/v/main-wall/105811160
523,Right Gully,http://www.mountainproject.com/v/right-gully/105811163
524,Upper East Face,http://www.mountainproject.com/v/upper-east-face/105811166
525,West Buttress aka Comedy Wall,http://www.mountainproject.com/v/west-buttress-aka-comedy-wall/105810544
526,Blob Slab,http://www.mountainproject.com/v/blob-slab/105810500
527,Upper East Face,http://www.mountainproject.com/v/upper-east-face/105810817
528,Left Side,http://www.mountainproject.com/v/left-side/105811510
529,Middle,http://www.mountainproject.com/v/middle/105811513
530,Right Side,http://www.mountainproject.com/v/right-side/105811516
531,Chicken Wall,http://www.mountainproject.com/v/chicken-wall/105811385
532,Upper Wall,http://www.mountainproject.com/v/upper-wall/105811388
533,South Face,http://www.mountainproject.com/v/south-face/105811377
534,West Face,http://www.mountainproject.com/v/west-face/105811380
535,Center Ring Wall,http://www.mountainproject.com/v/center-ring-wall/107882600
536,Low Traverse Boulder,http://www.mountainproject.com/v/low-traverse-boulder/107882723
537,Sofa Patrol Wall,http://www.mountainproject.com/v/sofa-patrol-wall/107882595
538,"Warm-up Blocks, The",http://www.mountainproject.com/v/the-warm-up-blocks/107906945
539,"East Egg, The",http://www.mountainproject.com/v/the-east-egg/106672651
540,Whale Boulder,http://www.mountainproject.com/v/whale-boulder/106633005
541,Corridor Boulder,http://www.mountainproject.com/v/corridor-boulder/108006523
542,Germ Free Boulder,http://www.mountainproject.com/v/germ-free-boulder/105993197
543,"Tasty Slab, The",http://www.mountainproject.com/v/the-tasty-slab/106626832
544,Ridge 1 aka Stairway to Heaven,http://www.mountainproject.com/v/ridge-1-aka-stairway-to-heaven/105745226
545,Ridge 2 aka Satan's Slab,http://www.mountainproject.com/v/ridge-2-aka-satans-slab/105745229
546,Ridge 3 aka Angel's Way,http://www.mountainproject.com/v/ridge-3-aka-angels-way/105745232
547,Ridge 4 aka Mohling Arete,http://www.mountainproject.com/v/ridge-4-aka-mohling-arete/105746203
548,"Amphitheater, The",http://www.mountainproject.com/v/the-amphitheater/105744659
549,Fourth Pinnacle,http://www.mountainproject.com/v/fourth-pinnacle/105745834
550,Gregory Flatironette aka Fifth Pinnacle,http://www.mountainproject.com/v/gregory-flatironette-aka-fifth-pinnacle/105745843
551,South Amphitheater Pinnacle,http://www.mountainproject.com/v/south-amphitheater-pinnacle/106638773
552,Third Pinnacle,http://www.mountainproject.com/v/third-pinnacle/105745546
553,East Ridge,http://www.mountainproject.com/v/east-ridge/105745429
554,Fern Canyon Bouldering,http://www.mountainproject.com/v/fern-canyon-bouldering/109121060
555,Fiddlehead,http://www.mountainproject.com/v/fiddlehead/105745295
556,Nebel Horn Ridge,http://www.mountainproject.com/v/nebel-horn-ridge/105745415
557,Onoclea,http://www.mountainproject.com/v/onoclea/105745289
558,Pellea,http://www.mountainproject.com/v/pellea/105745139
559,Southern Goose Egg,http://www.mountainproject.com/v/southern-goose-egg/105745421
560,Superfresh Boulder,http://www.mountainproject.com/v/superfresh-boulder/107747923
561,Atom Boulder,http://www.mountainproject.com/v/atom-boulder/105984874
562,Mamoonious,http://www.mountainproject.com/v/mamoonious/105984840
563,Zoofarsus,http://www.mountainproject.com/v/zoofarsus/105984877
564,Block 1,http://www.mountainproject.com/v/block-1/107906966
565,Block 2,http://www.mountainproject.com/v/block-2/107907455
